time,program
4.364231124993239,A0
8.740745013994456,A2
13.12655224599439,A1
19.720794180997473,(ite (>= -1 var0) A2 A2)
26.212896101002116,(ite (>= -1 var0) A2 A0)
32.77921541399701,(ite (>= -1 var0) A2 A1)
39.27778291499999,(ite (>= -1 var0) A0 A2)
45.85894595800346,(ite (>= -1 var0) A0 A0)
52.399980307003716,(ite (>= -1 var0) A0 A1)
58.95101567200618,(ite (>= -1 var0) A1 A2)
65.4916417439963,(ite (>= -1 var0) A1 A0)
72.08833660899836,(ite (>= -1 var0) A1 A1)
78.64677970900811,(ite (>= -1 -5) A2 A2)
85.13234348400147,(ite (>= -1 -5) A2 A0)
91.61516060600115,(ite (>= -1 -5) A2 A1)
98.08905515900551,(ite (>= -1 -5) A0 A2)
104.57893795600103,(ite (>= -1 -5) A0 A0)
111.03911599199637,(ite (>= -1 -5) A0 A1)
117.50870161099738,(ite (>= -1 -5) A1 A2)
123.97714668900153,(ite (>= -1 -5) A1 A0)
130.46667180700024,(ite (>= -1 -5) A1 A1)
137.05649578900193,(ite (>= -1 -1) A2 A2)
143.60623287100316,(ite (>= -1 -1) A2 A0)
150.16453143300168,(ite (>= -1 -1) A2 A1)
156.68858941300277,(ite (>= -1 -1) A0 A2)
163.26351390700438,(ite (>= -1 -1) A0 A0)
169.79325834900374,(ite (>= -1 -1) A0 A1)
176.3393652970044,(ite (>= -1 -1) A1 A2)
182.90828819300077,(ite (>= -1 -1) A1 A0)
189.46680777000438,(ite (>= -1 -1) A1 A1)
196.0234545120038,(ite (>= -1 -2) A2 A2)
202.50497274900408,(ite (>= -1 -2) A2 A0)
208.9863749720098,(ite (>= -1 -2) A2 A1)
215.45096462000947,(ite (>= -1 -2) A0 A2)
221.98033661100635,(ite (>= -1 -2) A0 A0)
228.49003521800478,(ite (>= -1 -2) A0 A1)
234.96321064000222,(ite (>= -1 -2) A1 A2)
241.50687354900583,(ite (>= -1 -2) A1 A0)
248.0422053200091,(ite (>= -1 -2) A1 A1)
254.5783162390071,(ite (>= -1 5) A2 A2)
261.06674294800905,(ite (>= -1 5) A2 A0)
267.5435380630006,(ite (>= -1 5) A2 A1)
274.04194923699833,(ite (>= -1 5) A0 A2)
280.56106810699566,(ite (>= -1 5) A0 A0)
287.0472799489944,(ite (>= -1 5) A0 A1)
293.53704818199185,(ite (>= -1 5) A1 A2)
299.99063622998074,(ite (>= -1 5) A1 A0)
306.5510371249766,(ite (>= -1 5) A1 A1)
313.09787565997976,(ite (>= -1 4) A2 A2)
319.61141786598455,(ite (>= -1 4) A2 A0)
326.14321822999045,(ite (>= -1 4) A2 A1)
332.69517654798983,(ite (>= -1 4) A0 A2)
339.2391534869894,(ite (>= -1 4) A0 A0)
345.77032630398753,(ite (>= -1 4) A0 A1)
352.25836011498177,(ite (>= -1 4) A1 A2)
358.7452235079836,(ite (>= -1 4) A1 A0)
365.3062206269824,(ite (>= -1 4) A1 A1)
371.85700489197916,(ite (>= -1 var1) A2 A2)
378.4065675519814,(ite (>= -1 var1) A2 A0)
384.9381460589793,(ite (>= -1 var1) A2 A1)
391.4884429049853,(ite (>= -1 var1) A0 A2)
398.08214651797607,(ite (>= -1 var1) A0 A0)
404.64129291197605,(ite (>= -1 var1) A0 A1)
411.19652190197667,(ite (>= -1 var1) A1 A2)
417.71709433697106,(ite (>= -1 var1) A1 A0)
424.2937711609775,(ite (>= -1 var1) A1 A1)
430.80915673298296,(ite (>= -1 -3) A2 A2)
437.29924442298216,(ite (>= -1 -3) A2 A0)
443.7611746539769,(ite (>= -1 -3) A2 A1)
450.3016180849736,(ite (>= -1 -3) A0 A2)
456.8268323049706,(ite (>= -1 -3) A0 A0)
463.29128486898117,(ite (>= -1 -3) A0 A1)
469.8269053399781,(ite (>= -1 -3) A1 A2)
476.32123337298253,(ite (>= -1 -3) A1 A0)
482.87217075598164,(ite (>= -1 -3) A1 A1)
489.3930708909829,(ite (>= -1 3) A2 A2)
495.9334180659789,(ite (>= -1 3) A2 A0)
502.4736233879812,(ite (>= -1 3) A2 A1)
509.0271698369761,(ite (>= -1 3) A0 A2)
515.5960217599786,(ite (>= -1 3) A0 A0)
522.1038000919798,(ite (>= -1 3) A0 A1)
528.6128881659824,(ite (>= -1 3) A1 A2)
535.0808297029798,(ite (>= -1 3) A1 A0)
541.6322347639798,(ite (>= -1 3) A1 A1)
548.1829040799785,(ite (>= -1 2) A2 A2)
554.6568185159776,(ite (>= -1 2) A2 A0)
561.1387628719749,(ite (>= -1 2) A2 A1)
567.6340559409728,(ite (>= -1 2) A0 A2)
574.0812963309727,(ite (>= -1 2) A0 A0)
580.4737285499796,(ite (>= -1 2) A0 A1)
586.8897657519847,(ite (>= -1 2) A1 A2)
593.2863606019819,(ite (>= -1 2) A1 A0)
599.7271458979812,(ite (>= -1 2) A1 A1)
606.1909207359931,(ite (>= -1 -4) A2 A2)
612.5937134819906,(ite (>= -1 -4) A2 A0)
619.0300202219951,(ite (>= -1 -4) A2 A1)
625.410169096991,(ite (>= -1 -4) A0 A2)
631.8442838889969,(ite (>= -1 -4) A0 A0)
638.2627719089942,(ite (>= -1 -4) A0 A1)
644.6968165469953,(ite (>= -1 -4) A1 A2)
651.144299790998,(ite (>= -1 -4) A1 A0)
657.5909892039999,(ite (>= -1 -4) A1 A1)
664.0798321249968,(ite (>= -1 1) A2 A2)
670.4740608689899,(ite (>= -1 1) A2 A0)
676.8735199849834,(ite (>= -1 1) A2 A1)
683.2787138899876,(ite (>= -1 1) A0 A2)
689.6936265949844,(ite (>= -1 1) A0 A0)
696.0634931189852,(ite (>= -1 1) A0 A1)
702.3940585069868,(ite (>= -1 1) A1 A2)
708.7409183539858,(ite (>= -1 1) A1 A0)
715.1138849909839,(ite (>= -1 1) A1 A1)
721.5253711039841,(ite (>= -1 0) A2 A2)
727.897163921989,(ite (>= -1 0) A2 A0)
734.2263324049854,(ite (>= -1 0) A2 A1)
740.5687508829869,(ite (>= -1 0) A0 A2)
746.9371131829903,(ite (>= -1 0) A0 A0)
753.2878245109896,(ite (>= -1 0) A0 A1)
759.6493349439916,(ite (>= -1 0) A1 A2)
766.0280911179943,(ite (>= -1 0) A1 A0)
772.4360764759913,(ite (>= -1 0) A1 A1)
778.8609301169927,(ite (>= -5 var0) A2 A2)
785.2588687410025,(ite (>= -5 var0) A2 A0)
791.6298213749978,(ite (>= -5 var0) A2 A1)
798.047599928992,(ite (>= -5 var0) A0 A2)
804.4488376439913,(ite (>= -5 var0) A0 A0)
810.8322220619884,(ite (>= -5 var0) A0 A1)
817.2316717219874,(ite (>= -5 var0) A1 A2)
823.5769195239918,(ite (>= -5 var0) A1 A0)
829.9941774319959,(ite (>= -5 var0) A1 A1)
836.3998011279982,(ite (>= -5 -5) A2 A2)
842.7872415420061,(ite (>= -5 -5) A2 A0)
849.206558140002,(ite (>= -5 -5) A2 A1)
855.5899419920097,(ite (>= -5 -5) A0 A2)
861.9845451280125,(ite (>= -5 -5) A0 A0)
868.3707609230114,(ite (>= -5 -5) A0 A1)
874.7743731720111,(ite (>= -5 -5) A1 A2)
881.1602038530182,(ite (>= -5 -5) A1 A0)
887.6183458970263,(ite (>= -5 -5) A1 A1)
894.0135500180259,(ite (>= -5 -1) A2 A2)
900.361723193033,(ite (>= -5 -1) A2 A0)
906.7051623120351,(ite (>= -5 -1) A2 A1)
913.0562215220343,(ite (>= -5 -1) A0 A2)
919.4901161040398,(ite (>= -5 -1) A0 A0)
925.8513750990387,(ite (>= -5 -1) A0 A1)
932.2306192070391,(ite (>= -5 -1) A1 A2)
938.584557172042,(ite (>= -5 -1) A1 A0)
944.9839153840367,(ite (>= -5 -1) A1 A1)
951.3874033220345,(ite (>= -5 -2) A2 A2)
957.7386899650373,(ite (>= -5 -2) A2 A0)
964.1032495020336,(ite (>= -5 -2) A2 A1)
970.4356209860343,(ite (>= -5 -2) A0 A2)
976.817579338036,(ite (>= -5 -2) A0 A0)
983.158827257037,(ite (>= -5 -2) A0 A1)
989.4946427080358,(ite (>= -5 -2) A1 A2)
995.8465908900398,(ite (>= -5 -2) A1 A0)
1002.209433703043,(ite (>= -5 -2) A1 A1)
1008.6209997540427,(ite (>= -5 5) A2 A2)
1014.973297337041,(ite (>= -5 5) A2 A0)
1021.3436961220359,(ite (>= -5 5) A2 A1)
1027.6799290980343,(ite (>= -5 5) A0 A2)
1034.0604499150359,(ite (>= -5 5) A0 A0)
1040.4138909920366,(ite (>= -5 5) A0 A1)
1046.7398703550352,(ite (>= -5 5) A1 A2)
1053.0732665120304,(ite (>= -5 5) A1 A0)
1059.4469614460322,(ite (>= -5 5) A1 A1)
1065.822856522027,(ite (>= -5 4) A2 A2)
1072.1893961190217,(ite (>= -5 4) A2 A0)
1078.5177365710188,(ite (>= -5 4) A2 A1)
1084.8828090310199,(ite (>= -5 4) A0 A2)
1091.2898054090183,(ite (>= -5 4) A0 A0)
1097.699263711016,(ite (>= -5 4) A0 A1)
1104.0653913160131,(ite (>= -5 4) A1 A2)
1110.4161348840134,(ite (>= -5 4) A1 A0)
1116.8104449750172,(ite (>= -5 4) A1 A1)
1123.2448559470213,(ite (>= -5 var1) A2 A2)
1129.6319010610168,(ite (>= -5 var1) A2 A0)
1136.0182530860184,(ite (>= -5 var1) A2 A1)
1142.421806183018,(ite (>= -5 var1) A0 A2)
1148.8793399070128,(ite (>= -5 var1) A0 A0)
1155.2663093060182,(ite (>= -5 var1) A0 A1)
1161.6658566620245,(ite (>= -5 var1) A1 A2)
1168.0528478730193,(ite (>= -5 var1) A1 A0)
1174.5124755130237,(ite (>= -5 var1) A1 A1)
1180.9202019340228,(ite (>= -5 -3) A2 A2)
1187.296086052018,(ite (>= -5 -3) A2 A0)
1193.658671797013,(ite (>= -5 -3) A2 A1)
1200.0139493160023,(ite (>= -5 -3) A0 A2)
1206.4474681700012,(ite (>= -5 -3) A0 A0)
1212.7806624959921,(ite (>= -5 -3) A0 A1)
1219.1684695609947,(ite (>= -5 -3) A1 A2)
1225.524918117997,(ite (>= -5 -3) A1 A0)
1231.9557543899937,(ite (>= -5 -3) A1 A1)
1238.35507512599,(ite (>= -5 3) A2 A2)
1244.6792159819815,(ite (>= -5 3) A2 A0)
1251.0553885509871,(ite (>= -5 3) A2 A1)
1257.4766552379879,(ite (>= -5 3) A0 A2)
1263.876453863988,(ite (>= -5 3) A0 A0)
1270.2040942969834,(ite (>= -5 3) A0 A1)
1276.5477001869876,(ite (>= -5 3) A1 A2)
1282.8662714949896,(ite (>= -5 3) A1 A0)
1289.2767397139905,(ite (>= -5 3) A1 A1)
1295.7174275289872,(ite (>= -5 2) A2 A2)
1302.041171685989,(ite (>= -5 2) A2 A0)
1308.3762532249893,(ite (>= -5 2) A2 A1)
1314.7118344039845,(ite (>= -5 2) A0 A2)
1321.1151479059845,(ite (>= -5 2) A0 A0)
1327.4478192699753,(ite (>= -5 2) A0 A1)
1333.7927543779806,(ite (>= -5 2) A1 A2)
1340.160913767977,(ite (>= -5 2) A1 A0)
1346.5376053819782,(ite (>= -5 2) A1 A1)
1352.9455686269794,(ite (>= -5 -4) A2 A2)
1359.2716515289794,(ite (>= -5 -4) A2 A0)
1365.613112665982,(ite (>= -5 -4) A2 A1)
1371.9580560369795,(ite (>= -5 -4) A0 A2)
1378.3125191329746,(ite (>= -5 -4) A0 A0)
1384.6804954689724,(ite (>= -5 -4) A0 A1)
1391.0572170529776,(ite (>= -5 -4) A1 A2)
1397.4011677289818,(ite (>= -5 -4) A1 A0)
1403.8088394439837,(ite (>= -5 -4) A1 A1)
1410.2326232199848,(ite (>= -5 1) A2 A2)
1416.6132936639842,(ite (>= -5 1) A2 A0)
1422.9597285529817,(ite (>= -5 1) A2 A1)
1429.3322825549767,(ite (>= -5 1) A0 A2)
1435.7173973589815,(ite (>= -5 1) A0 A0)
1442.1227030389855,(ite (>= -5 1) A0 A1)
1448.4793589149922,(ite (>= -5 1) A1 A2)
1454.7899693789877,(ite (>= -5 1) A1 A0)
1461.195424777994,(ite (>= -5 1) A1 A1)
1467.5926110049986,(ite (>= -5 0) A2 A2)
1473.9458370380016,(ite (>= -5 0) A2 A0)
1480.300550622007,(ite (>= -5 0) A2 A1)
1486.6823851460067,(ite (>= -5 0) A0 A2)
1493.0747363470146,(ite (>= -5 0) A0 A0)
1499.4294610690122,(ite (>= -5 0) A0 A1)
1505.8398837450077,(ite (>= -5 0) A1 A2)
1512.2011577500089,(ite (>= -5 0) A1 A0)
1518.6259515190104,(ite (>= -5 0) A1 A1)
1525.0508843640127,(ite (>= var0 var0) A2 A2)
1531.4292522230098,(ite (>= var0 var0) A2 A0)
1537.8077382130068,(ite (>= var0 var0) A2 A1)
1544.1645734020058,(ite (>= var0 var0) A0 A2)
1550.5434830500017,(ite (>= var0 var0) A0 A0)
1556.8870706840025,(ite (>= var0 var0) A0 A1)
1563.3127153700043,(ite (>= var0 var0) A1 A2)
1569.6894787069978,(ite (>= var0 var0) A1 A0)
1576.1073214369972,(ite (>= var0 var0) A1 A1)
1582.5657035390032,(ite (>= var0 -5) A2 A2)
1589.0019736510076,(ite (>= var0 -5) A2 A0)
1595.4469501160129,(ite (>= var0 -5) A2 A1)
1601.8717362610114,(ite (>= var0 -5) A0 A2)
1608.3505263400148,(ite (>= var0 -5) A0 A0)
1614.7845181970115,(ite (>= var0 -5) A0 A1)
1621.2382270480084,(ite (>= var0 -5) A1 A2)
1627.654277349,(ite (>= var0 -5) A1 A0)
1634.102127211001,(ite (>= var0 -5) A1 A1)
1640.6033802740058,(ite (>= var0 -1) A2 A2)
1647.052584420002,(ite (>= var0 -1) A2 A0)
1653.531652622005,(ite (>= var0 -1) A2 A1)
1659.9916834520118,(ite (>= var0 -1) A0 A2)
1666.5492817060076,(ite (>= var0 -1) A0 A0)
1673.013446801997,(ite (>= var0 -1) A0 A1)
1679.4848247209957,(ite (>= var0 -1) A1 A2)
1685.9991086889931,(ite (>= var0 -1) A1 A0)
1692.5046957449958,(ite (>= var0 -1) A1 A1)
1699.0129089869952,(ite (>= var0 -2) A2 A2)
1705.486883741003,(ite (>= var0 -2) A2 A0)
1711.9541035950024,(ite (>= var0 -2) A2 A1)
1718.4259494899961,(ite (>= var0 -2) A0 A2)
1724.9006838059868,(ite (>= var0 -2) A0 A0)
1731.33321562098,(ite (>= var0 -2) A0 A1)
1737.7823152399797,(ite (>= var0 -2) A1 A2)
1744.234227341978,(ite (>= var0 -2) A1 A0)
1750.7449889299824,(ite (>= var0 -2) A1 A1)
1757.2521270289872,(ite (>= var0 5) A2 A2)
1763.7062918529919,(ite (>= var0 5) A2 A0)
1770.1404040539928,(ite (>= var0 5) A2 A1)
1776.6127863719958,(ite (>= var0 5) A0 A2)
1783.0814098509945,(ite (>= var0 5) A0 A0)
1789.5122133039913,(ite (>= var0 5) A0 A1)
1795.9592762169923,(ite (>= var0 5) A1 A2)
1802.4595234089938,(ite (>= var0 5) A1 A0)
1808.956922486992,(ite (>= var0 5) A1 A1)
1815.4429631499952,(ite (>= var0 4) A2 A2)
1821.9109744429952,(ite (>= var0 4) A2 A0)
1828.381621178989,(ite (>= var0 4) A2 A1)
1834.8743263039942,(ite (>= var0 4) A0 A2)
1841.3495565419944,(ite (>= var0 4) A0 A0)
1847.808001256999,(ite (>= var0 4) A0 A1)
1854.2656473959942,(ite (>= var0 4) A1 A2)
1860.7395001229888,(ite (>= var0 4) A1 A0)
1867.2862437749936,(ite (>= var0 4) A1 A1)
1873.6894375970005,(ite (>= var0 var1) A2 A2)
1880.1008781659984,(ite (>= var0 var1) A2 A0)
1886.5069388929987,(ite (>= var0 var1) A2 A1)
1892.8939889600006,(ite (>= var0 var1) A0 A2)
1899.3057104399995,(ite (>= var0 var1) A0 A0)
1905.7147751159937,(ite (>= var0 var1) A0 A1)
1912.1175354570005,(ite (>= var0 var1) A1 A2)
1918.4971216080012,(ite (>= var0 var1) A1 A0)
1924.966277988009,(ite (>= var0 var1) A1 A1)
1931.497148638009,(ite (>= var0 -3) A2 A2)
1938.0009524420093,(ite (>= var0 -3) A2 A0)
1944.4933991740108,(ite (>= var0 -3) A2 A1)
1950.967891862012,(ite (>= var0 -3) A0 A2)
1957.4416297080097,(ite (>= var0 -3) A0 A0)
1963.8819652930033,(ite (>= var0 -3) A0 A1)
1970.361724704002,(ite (>= var0 -3) A1 A2)
1976.8262945740062,(ite (>= var0 -3) A1 A0)
1983.3484419439992,(ite (>= var0 -3) A1 A1)
1989.846557967001,(ite (>= var0 3) A2 A2)
1996.308080674993,(ite (>= var0 3) A2 A0)
2002.74010176499,(ite (>= var0 3) A2 A1)
2009.184560288988,(ite (>= var0 3) A0 A2)
2015.7078091869844,(ite (>= var0 3) A0 A0)
2022.1928314479883,(ite (>= var0 3) A0 A1)
2028.6763614379888,(ite (>= var0 3) A1 A2)
2035.121993485991,(ite (>= var0 3) A1 A0)
2041.635992894997,(ite (>= var0 3) A1 A1)
2048.137987776994,(ite (>= var0 2) A2 A2)
2054.576900760003,(ite (>= var0 2) A2 A0)
2061.0369689650033,(ite (>= var0 2) A2 A1)
2067.5760045070056,(ite (>= var0 2) A0 A2)
2074.092284177008,(ite (>= var0 2) A0 A0)
2080.5204004530096,(ite (>= var0 2) A0 A1)
2086.9960368740067,(ite (>= var0 2) A1 A2)
2093.436869105004,(ite (>= var0 2) A1 A0)
2099.966112704009,(ite (>= var0 2) A1 A1)
2106.4797670910048,(ite (>= var0 -4) A2 A2)
2112.951380853003,(ite (>= var0 -4) A2 A0)
2119.4537062860036,(ite (>= var0 -4) A2 A1)
2125.9074826710057,(ite (>= var0 -4) A0 A2)
2132.440698356004,(ite (>= var0 -4) A0 A0)
2138.8761287700036,(ite (>= var0 -4) A0 A1)
2145.3271934740114,(ite (>= var0 -4) A1 A2)
2151.7860850780053,(ite (>= var0 -4) A1 A0)
2158.2747246080035,(ite (>= var0 -4) A1 A1)
2164.8008975299963,(ite (>= var0 1) A2 A2)
2171.196283999998,(ite (>= var0 1) A2 A0)
2177.7006928549963,(ite (>= var0 1) A2 A1)
2184.127133448994,(ite (>= var0 1) A0 A2)
2190.6040547499942,(ite (>= var0 1) A0 A0)
2197.043132267994,(ite (>= var0 1) A0 A1)
2203.4803333589953,(ite (>= var0 1) A1 A2)
2209.964780351991,(ite (>= var0 1) A1 A0)
2216.4155371609813,(ite (>= var0 1) A1 A1)
2222.934728581975,(ite (>= var0 0) A2 A2)
2229.3426221179834,(ite (>= var0 0) A2 A0)
2235.7867257969847,(ite (>= var0 0) A2 A1)
2242.2209729779934,(ite (>= var0 0) A0 A2)
2248.7107125009934,(ite (>= var0 0) A0 A0)
2255.1729681669967,(ite (>= var0 0) A0 A1)
2261.622468168993,(ite (>= var0 0) A1 A2)
2268.060298545992,(ite (>= var0 0) A1 A0)
2274.536198859998,(ite (>= var0 0) A1 A1)
2281.026613312999,(ite (>= 5 var0) A2 A2)
2287.4813844579985,(ite (>= 5 var0) A2 A0)
2293.917724222003,(ite (>= 5 var0) A2 A1)
2300.3460110230008,(ite (>= 5 var0) A0 A2)
2306.774065186997,(ite (>= 5 var0) A0 A0)
2313.2107363469986,(ite (>= 5 var0) A0 A1)
2319.647536938006,(ite (>= 5 var0) A1 A2)
2326.132570105001,(ite (>= 5 var0) A1 A0)
2332.5834302549993,(ite (>= 5 var0) A1 A1)
2339.0230432120006,(ite (>= 5 -5) A2 A2)
2345.4802235919997,(ite (>= 5 -5) A2 A0)
2351.8665696829994,(ite (>= 5 -5) A2 A1)
2358.28412190199,(ite (>= 5 -5) A0 A2)
2364.7308965969933,(ite (>= 5 -5) A0 A0)
2371.144696356998,(ite (>= 5 -5) A0 A1)
2377.5566098900017,(ite (>= 5 -5) A1 A2)
2383.9579439310037,(ite (>= 5 -5) A1 A0)
2390.4043546029934,(ite (>= 5 -5) A1 A1)
2396.8197108269887,(ite (>= 5 -1) A2 A2)
2403.2547790489916,(ite (>= 5 -1) A2 A0)
2409.6479240999906,(ite (>= 5 -1) A2 A1)
2416.059337237988,(ite (>= 5 -1) A0 A2)
2422.5012013059895,(ite (>= 5 -1) A0 A0)
2428.853784350984,(ite (>= 5 -1) A0 A1)
2435.283116810984,(ite (>= 5 -1) A1 A2)
2441.684955924982,(ite (>= 5 -1) A1 A0)
2448.1456807529757,(ite (>= 5 -1) A1 A1)
2454.5789171179786,(ite (>= 5 -2) A2 A2)
2461.0123889769748,(ite (>= 5 -2) A2 A0)
2467.4101032459803,(ite (>= 5 -2) A2 A1)
2473.8252218539856,(ite (>= 5 -2) A0 A2)
2480.2724346969844,(ite (>= 5 -2) A0 A0)
2486.6689714459862,(ite (>= 5 -2) A0 A1)
2493.0897749029828,(ite (>= 5 -2) A1 A2)
2499.48228110098,(ite (>= 5 -2) A1 A0)
2505.923571710984,(ite (>= 5 -2) A1 A1)
2512.4004064219844,(ite (>= 5 5) A2 A2)
2518.809174745984,(ite (>= 5 5) A2 A0)
2525.2919574949847,(ite (>= 5 5) A2 A1)
2531.717930305982,(ite (>= 5 5) A0 A2)
2538.1719095789813,(ite (>= 5 5) A0 A0)
2544.5885569029924,(ite (>= 5 5) A0 A1)
2551.0235359509898,(ite (>= 5 5) A1 A2)
2557.454748152988,(ite (>= 5 5) A1 A0)
2563.8848190309873,(ite (>= 5 5) A1 A1)
2570.3569867689876,(ite (>= 5 4) A2 A2)
2576.7416949149847,(ite (>= 5 4) A2 A0)
2583.1586191469833,(ite (>= 5 4) A2 A1)
2589.5359989769786,(ite (>= 5 4) A0 A2)
2595.9682521999785,(ite (>= 5 4) A0 A0)
2602.3240458369764,(ite (>= 5 4) A0 A1)
2608.725600081976,(ite (>= 5 4) A1 A2)
2615.1481610819756,(ite (>= 5 4) A1 A0)
2621.5582657649793,(ite (>= 5 4) A1 A1)
2628.0317853169836,(ite (>= 5 var1) A2 A2)
2634.4367954479894,(ite (>= 5 var1) A2 A0)
2640.87491619699,(ite (>= 5 var1) A2 A1)
2647.3099514970017,(ite (>= 5 var1) A0 A2)
2653.7701415210104,(ite (>= 5 var1) A0 A0)
2660.2372281930075,(ite (>= 5 var1) A0 A1)
2666.6589852899997,(ite (>= 5 var1) A1 A2)
2673.0993920850015,(ite (>= 5 var1) A1 A0)
2679.562433012994,(ite (>= 5 var1) A1 A1)
2686.038162027995,(ite (>= 5 -3) A2 A2)
2692.4245590029896,(ite (>= 5 -3) A2 A0)
2698.800727773989,(ite (>= 5 -3) A2 A1)
2705.2460652439913,(ite (>= 5 -3) A0 A2)
2711.6743085459893,(ite (>= 5 -3) A0 A0)
2718.0748506639866,(ite (>= 5 -3) A0 A1)
2724.472640201988,(ite (>= 5 -3) A1 A2)
2730.874222541992,(ite (>= 5 -3) A1 A0)
2737.3167915409867,(ite (>= 5 -3) A1 A1)
2743.740709296988,(ite (>= 5 3) A2 A2)
2750.127477674985,(ite (>= 5 3) A2 A0)
2756.498489404985,(ite (>= 5 3) A2 A1)
2762.919484008984,(ite (>= 5 3) A0 A2)
2769.3453836539775,(ite (>= 5 3) A0 A0)
2775.7148294469807,(ite (>= 5 3) A0 A1)
2782.092110548976,(ite (>= 5 3) A1 A2)
2788.4485576219813,(ite (>= 5 3) A1 A0)
2794.926685376973,(ite (>= 5 3) A1 A1)
2801.363903777972,(ite (>= 5 2) A2 A2)
2807.7656345929645,(ite (>= 5 2) A2 A0)
2814.1354866109614,(ite (>= 5 2) A2 A1)
2820.5271777219605,(ite (>= 5 2) A0 A2)
2826.964113509959,(ite (>= 5 2) A0 A0)
2833.358925753957,(ite (>= 5 2) A0 A1)
2839.770231196955,(ite (>= 5 2) A1 A2)
2846.1685548409514,(ite (>= 5 2) A1 A0)
2852.617867717956,(ite (>= 5 2) A1 A1)
2859.0340885379555,(ite (>= 5 -4) A2 A2)
2865.397166926952,(ite (>= 5 -4) A2 A0)
2871.8285635679567,(ite (>= 5 -4) A2 A1)
2878.2096842199608,(ite (>= 5 -4) A0 A2)
2884.67400066596,(ite (>= 5 -4) A0 A0)
2891.053192437961,(ite (>= 5 -4) A0 A1)
2897.46192100396,(ite (>= 5 -4) A1 A2)
2903.835631176953,(ite (>= 5 -4) A1 A0)
2910.2641287459483,(ite (>= 5 -4) A1 A1)
2916.7284918119476,(ite (>= 5 1) A2 A2)
2923.103818688949,(ite (>= 5 1) A2 A0)
2929.5009062079407,(ite (>= 5 1) A2 A1)
2935.869190308942,(ite (>= 5 1) A0 A2)
2942.2913456529423,(ite (>= 5 1) A0 A0)
2948.6709353409387,(ite (>= 5 1) A0 A1)
2955.0249821629404,(ite (>= 5 1) A1 A2)
2961.396949510934,(ite (>= 5 1) A1 A0)
2967.8317492489296,(ite (>= 5 1) A1 A1)
2974.3174765019357,(ite (>= 5 0) A2 A2)
2980.7325567349326,(ite (>= 5 0) A2 A0)
2987.149802073931,(ite (>= 5 0) A2 A1)
2993.5134421159237,(ite (>= 5 0) A0 A2)
2999.935555765922,(ite (>= 5 0) A0 A0)
3006.289718524924,(ite (>= 5 0) A0 A1)
3012.6617960819276,(ite (>= 5 0) A1 A2)
3019.0745466559238,(ite (>= 5 0) A1 A0)
3025.4818177159177,(ite (>= 5 0) A1 A1)
3031.985330671916,(ite (>= -2 var0) A2 A2)
3038.414421772919,(ite (>= -2 var0) A2 A0)
3044.83054211492,(ite (>= -2 var0) A2 A1)
3051.2510991029267,(ite (>= -2 var0) A0 A2)
3057.736550219932,(ite (>= -2 var0) A0 A0)
3064.1796921689383,(ite (>= -2 var0) A0 A1)
3070.6162102939415,(ite (>= -2 var0) A1 A2)
3077.048391085933,(ite (>= -2 var0) A1 A0)
3083.501260989935,(ite (>= -2 var0) A1 A1)
3089.9547895159267,(ite (>= -2 -5) A2 A2)
3096.390195619926,(ite (>= -2 -5) A2 A0)
3102.785356884924,(ite (>= -2 -5) A2 A1)
3109.1932365719185,(ite (>= -2 -5) A0 A2)
3115.6291568689194,(ite (>= -2 -5) A0 A0)
3122.061695385928,(ite (>= -2 -5) A0 A1)
3128.4761392149303,(ite (>= -2 -5) A1 A2)
3134.89330868893,(ite (>= -2 -5) A1 A0)
3141.38053438293,(ite (>= -2 -5) A1 A1)
3147.8400025429364,(ite (>= -2 -1) A2 A2)
3154.2998152779255,(ite (>= -2 -1) A2 A0)
3160.724160152924,(ite (>= -2 -1) A2 A1)
3167.1598743699215,(ite (>= -2 -1) A0 A2)
3173.6084211229245,(ite (>= -2 -1) A0 A0)
3180.003347885926,(ite (>= -2 -1) A0 A1)
3186.4984102459275,(ite (>= -2 -1) A1 A2)
3192.8824714929287,(ite (>= -2 -1) A1 A0)
3199.3668635419235,(ite (>= -2 -1) A1 A1)
3205.822306577924,(ite (>= -2 -2) A2 A2)
3212.2525785169273,(ite (>= -2 -2) A2 A0)
3218.6849781959318,(ite (>= -2 -2) A2 A1)
3225.086290527928,(ite (>= -2 -2) A0 A2)
3231.5541333279252,(ite (>= -2 -2) A0 A0)
3237.9666664819306,(ite (>= -2 -2) A0 A1)
3244.457433031923,(ite (>= -2 -2) A1 A2)
3250.8555749589214,(ite (>= -2 -2) A1 A0)
3257.375307773924,(ite (>= -2 -2) A1 A1)
3263.821299745927,(ite (>= -2 5) A2 A2)
3270.265956894924,(ite (>= -2 5) A2 A0)
3276.641245135921,(ite (>= -2 5) A2 A1)
3283.0234344919227,(ite (>= -2 5) A0 A2)
3289.4686221369193,(ite (>= -2 5) A0 A0)
3295.8128556209267,(ite (>= -2 5) A0 A1)
3302.2517171499203,(ite (>= -2 5) A1 A2)
3308.628191235919,(ite (>= -2 5) A1 A0)
3315.06765435791,(ite (>= -2 5) A1 A1)
3321.51334279991,(ite (>= -2 4) A2 A2)
3327.895917992915,(ite (>= -2 4) A2 A0)
3334.294936557919,(ite (>= -2 4) A2 A1)
3340.6705950349206,(ite (>= -2 4) A0 A2)
3347.104702223922,(ite (>= -2 4) A0 A0)
3353.48545620792,(ite (>= -2 4) A0 A1)
3359.885063433918,(ite (>= -2 4) A1 A2)
3366.2943339139238,(ite (>= -2 4) A1 A0)
3372.7011891399234,(ite (>= -2 4) A1 A1)
3379.1674236279287,(ite (>= -2 var1) A2 A2)
3385.579852300929,(ite (>= -2 var1) A2 A0)
3391.984701597932,(ite (>= -2 var1) A2 A1)
3398.3943261579334,(ite (>= -2 var1) A0 A2)
3404.8468350199328,(ite (>= -2 var1) A0 A0)
3411.2725588389367,(ite (>= -2 var1) A0 A1)
3417.70183325994,(ite (>= -2 var1) A1 A2)
3424.138081227946,(ite (>= -2 var1) A1 A0)
3430.5990230789466,(ite (>= -2 var1) A1 A1)
3437.0799019619517,(ite (>= -2 -3) A2 A2)
3443.4612066619593,(ite (>= -2 -3) A2 A0)
3449.837121250959,(ite (>= -2 -3) A2 A1)
3456.2762477549622,(ite (>= -2 -3) A0 A2)
3462.7131767949686,(ite (>= -2 -3) A0 A0)
3469.1089988749663,(ite (>= -2 -3) A0 A1)
3475.5300341689726,(ite (>= -2 -3) A1 A2)
3482.0137955459795,(ite (>= -2 -3) A1 A0)
3488.4552467639805,(ite (>= -2 -3) A1 A1)
3494.9084531649787,(ite (>= -2 3) A2 A2)
3501.3041578559787,(ite (>= -2 3) A2 A0)
3507.6829541969855,(ite (>= -2 3) A2 A1)
3514.078888959986,(ite (>= -2 3) A0 A2)
3520.508864472984,(ite (>= -2 3) A0 A0)
3526.934812733991,(ite (>= -2 3) A0 A1)
